{
  "cutpoints": [
    0.10950828186874104,
    0.1272576855900416,
    0.1402006609949868,
    0.1575890526537951,
    0.17329926243259583,
    0.18911980186061966,
    0.20755814723283122,
    0.24328151718232163,
    0.41553777433399003
  ],
  "cycles_calibrated_on": [
    2014,
    2016,
    2022
  ]
}